Price,Odometer_km,Doors,Accidents,Location,Year,CarModel
1500.0,137830.0,4,1,City,1998,Toyota
4171.0,150465.1,4,0,Rural,2016,Toyota
5331.0,107302.0,4,0,Suburb,2014,Toyota
1500.0,141838.0,4,1,Suburb,1999,Toyota
1500.0,202693.3,3,0,City,2022,Toyota
1500.0,211171.0,4,0,Downtown,2003,Toyota
1500.0,222235.0,4,2,Rural,2004,Toyota
1500.0,105068.0,5,1,City,2002,Toyota
2291.0,90015.0,4,0,Rural,2007,Toyota
1500.0,125976.0,2,0,City,2002,Toyota
1500.0,127701.0,4,0,Suburb,2007,Toyota
10441.0,75947.0,5,0,Rural,2019,Toyota
3622.0,82771.0,4,1,City,2010,Toyota
2358.0,168796.0,5,0,Rural,2022,Toyota
1500.0,218508.0,3,0,City,2010,Toyota
1500.0,106410.0,3,0,City,2005,Toyota
8638.0,81122.0,4,1,Highway,2019,Toyota
4469.0,169912.5,4,1,Rural,2020,Toyota
16783.0,60292.0,5,0,City,2021,Toyota
6260.0,364287.3,5,0,Suburb,2022,Toyota
2500.0,76389.4,5,2,Suburb,2010,Toyota
24200.0,125968.8,4,2,Coastal,2022,Toyota
33500.0,351471.4,5,2,Rural,2005,Toyota
57400.0,374642.8,2,2,Downtown,2013,Toyota
67700.0,281730.2,3,4,Coastal,2017,Toyota
5000.0,225487.6,2,1,City,2021,Honda
48000.0,326278.5,3,2,Rural,2007,Honda
48500.0,60089.8,3,3,Coastal,2000,Honda
73300.0,69649.7,3,0,Highway,1995,Honda
23400.0,280887.1,4,0,Coastal,2009,Honda
4400.0,156394.0,2,0,Downtown,2009,Honda
68100.0,302832.9,3,4,Suburb,2007,Honda
3000.0,43822.4,2,1,Rural,2015,Honda
50500.0,366323.4,2,0,Downtown,2016,Honda
17800.0,109008.6,2,0,Coastal,1995,Honda
49600.0,79777.2,5,3,Coastal,2008,Honda
29300.0,260495.0,3,2,Highway,2009,Honda
37000.0,203014.9,5,4,Suburb,2013,Honda
52000.0,69232.8,4,2,Highway,2016,Honda
16800.0,187673.5,5,0,Downtown,1999,Honda
77600.0,83776.8,4,0,Highway,2024,Honda
31900.0,317692.9,3,2,Downtown,2024,Honda
64000.0,124362.1,5,3,City,2000,Honda
59400.0,169281.9,2,0,Coastal,2006,Honda
33600.0,137813.1,5,4,Rural,2014,Honda
62000.0,131316.6,3,0,Coastal,2020,Honda
77500.0,86792.4,5,2,Rural,1998,Honda
36500.0,381852.3,4,1,City,1999,Honda
43500.0,248838.9,5,4,Highway,2017,Honda
13100.0,276990.1,5,1,City,1999,Honda
50600.0,285777.8,3,2,Coastal,2015,Ford
44500.0,395145.0,3,2,Suburb,2004,Ford
55700.0,151755.1,5,0,City,2012,Ford
69400.0,131672.2,2,2,Downtown,2017,Ford
4800.0,288774.9,3,2,Suburb,1996,Ford
67000.0,252036.6,5,4,City,2017,Ford
17000.0,110929.5,3,4,City,2014,Ford
39300.0,256889.9,3,2,Highway,2012,Ford
42000.0,237923.5,3,3,Downtown,2022,Ford
50100.0,122575.2,3,2,Downtown,1999,Ford
10800.0,51760.1,5,0,Suburb,2012,Ford
20200.0,236678.6,5,1,Highway,2015,Ford
13500.0,389896.7,2,3,City,1999,Ford
11200.0,139733.2,2,3,Highway,1995,Ford
1800.0,270148.9,3,0,Rural,2002,Ford
7000.0,114808.5,4,3,Suburb,2018,Ford
61700.0,306190.4,5,3,Rural,2022,Ford
46800.0,178545.1,2,2,City,1996,Ford
10100.0,26684.1,5,0,Coastal,1996,Ford
50800.0,217160.5,3,2,Rural,2001,Ford
31600.0,253189.6,4,3,Highway,2017,Ford
51200.0,351271.9,5,0,Rural,2024,Ford
20800.0,239218.9,5,0,City,1999,Ford
74600.0,263667.0,3,3,Coastal,2008,Ford
56900.0,46446.0,5,2,Highway,2002,Ford
73500.0,308180.8,4,1,Suburb,2011,Nissan
11500.0,164607.2,4,0,Coastal,1998,Nissan
77800.0,365552.4,3,0,Suburb,2022,Nissan
65500.0,384079.9,5,3,Downtown,2012,Nissan
66800.0,309190.8,3,4,Downtown,2003,Nissan
76100.0,363492.9,2,0,Rural,2008,Nissan
55300.0,168299.4,3,0,City,1996,Nissan
22300.0,50443.5,5,4,Highway,1999,Nissan
72000.0,286966.7,3,3,Rural,1998,Nissan
75900.0,361353.5,3,4,Highway,2002,Nissan
22700.0,351321.0,2,2,Suburb,2009,Nissan
49900.0,216510.6,3,2,Suburb,2014,Nissan
33800.0,331826.9,3,1,Downtown,2013,Nissan
67100.0,188094.3,5,0,Rural,2021,Nissan
34000.0,96700.0,3,4,Downtown,2009,Nissan
4400.0,198409.0,3,3,Rural,2022,Nissan
31600.0,12833.8,4,2,Suburb,2013,Nissan
49600.0,280407.3,4,1,Downtown,2013,Nissan
19600.0,63237.9,5,2,Coastal,2015,Nissan
33900.0,236323.6,2,4,City,1997,Nissan
7200.0,302002.1,5,3,Rural,2002,Nissan
22900.0,232857.1,5,1,Rural,2015,Nissan
20300.0,346850.9,3,4,City,2020,Nissan
41600.0,382551.6,4,3,City,2015,Nissan
68100.0,328693.4,4,3,Downtown,2015,Nissan
5100.0,155673.0,3,1,Downtown,2015,BMW
16500.0,147806.7,2,4,Downtown,2019,BMW
75400.0,275790.7,5,0,Highway,2017,BMW
58900.0,105013.0,5,3,Downtown,2019,BMW
58000.0,297571.9,5,0,Rural,2022,BMW
32000.0,192846.0,5,2,Highway,2023,BMW
41600.0,328527.6,5,4,Rural,2018,BMW
75600.0,384930.7,3,4,Highway,2019,BMW
33700.0,14408.2,5,2,Rural,2003,BMW
11900.0,390287.1,2,3,Downtown,2013,BMW
54300.0,96237.1,4,0,Coastal,2022,BMW
21500.0,189087.8,4,3,Coastal,2004,BMW
22900.0,379205.9,2,0,Highway,2024,BMW
68600.0,76566.1,4,1,Downtown,2024,BMW
4700.0,120931.0,4,3,City,2013,BMW
54900.0,188173.8,5,2,Rural,2015,BMW
4900.0,94470.3,3,2,Downtown,2006,BMW
46000.0,190264.0,5,1,Coastal,2000,BMW
79300.0,280891.6,5,2,City,2010,BMW
62700.0,190915.1,3,0,Coastal,2014,BMW
64500.0,9510.1,3,2,Downtown,2018,BMW
16400.0,229070.6,4,1,City,2000,BMW
16300.0,62468.7,4,1,Downtown,2000,BMW
22100.0,164785.5,3,0,Coastal,2003,BMW
19600.0,78566.3,5,2,Coastal,2011,BMW
68100.0,293017.0,2,3,Downtown,2019,Mercedes
62900.0,367691.7,3,4,Highway,2016,Mercedes
36900.0,25166.7,5,0,Rural,2022,Mercedes
38600.0,254973.0,3,1,Downtown,2007,Mercedes
5000.0,121544.3,2,4,Rural,2003,Mercedes
8100.0,355175.3,3,0,City,2012,Mercedes
40400.0,376893.8,2,2,Rural,2018,Mercedes
1300.0,151627.2,4,2,Downtown,2012,Mercedes
52200.0,345528.1,5,4,Highway,2022,Mercedes
73000.0,232314.5,4,2,Rural,2015,Mercedes
72600.0,275159.0,3,2,City,2019,Mercedes
55700.0,289750.3,4,3,Downtown,2020,Mercedes
5000.0,186155.8,2,3,Suburb,2012,Mercedes
76300.0,127777.2,3,3,Rural,2004,Mercedes
50800.0,13016.3,2,4,Coastal,2003,Mercedes
63600.0,364598.5,4,2,Highway,2016,Mercedes
44600.0,321851.5,2,2,Downtown,2002,Mercedes
47700.0,147627.8,3,1,Downtown,2020,Mercedes
65400.0,399844.9,5,0,Downtown,2017,Mercedes
18600.0,267462.6,3,1,Highway,2016,Mercedes
50000.0,321286.9,5,4,Suburb,2011,Mercedes
46800.0,147986.8,2,4,City,2005,Mercedes
69500.0,326155.3,3,2,Downtown,2016,Mercedes
57100.0,178307.2,2,3,Coastal,2011,Mercedes
64000.0,35488.6,3,0,Highway,2001,Mercedes
41600.0,30000.9,4,2,Downtown,2003,Hyundai
37700.0,216987.1,2,0,Coastal,2017,Hyundai
2900.0,399819.0,2,0,Downtown,2022,Hyundai
58100.0,264732.1,2,4,Coastal,2016,Hyundai
26900.0,47800.9,5,3,City,2024,Hyundai
2300.0,184679.1,2,1,Highway,2004,Hyundai
10300.0,327780.1,2,2,Suburb,2024,Hyundai
66300.0,190854.5,2,3,Highway,2015,Hyundai
23500.0,157628.8,3,3,Suburb,1997,Hyundai
28800.0,86782.3,5,3,Coastal,2024,Hyundai
63200.0,197298.5,4,4,Suburb,2023,Hyundai
46800.0,96097.1,4,2,Suburb,2004,Hyundai
49100.0,150172.7,4,2,City,2002,Hyundai
76000.0,247702.8,2,1,Coastal,2016,Hyundai
20600.0,246450.5,5,3,Rural,2024,Hyundai
78700.0,357313.4,3,1,Downtown,2020,Hyundai
25800.0,271927.9,4,3,Suburb,2023,Hyundai
9400.0,367774.7,3,0,Suburb,2023,Hyundai
46600.0,332374.6,4,4,Suburb,1995,Hyundai
60200.0,172750.5,4,4,Rural,2015,Hyundai
50800.0,163940.9,5,3,City,2005,Hyundai
25300.0,68987.1,5,4,Coastal,2017,Hyundai
6100.0,375166.8,4,2,Coastal,2014,Hyundai
78100.0,278727.2,3,2,Highway,2004,Hyundai
9100.0,159212.0,3,4,Highway,2005,Hyundai
32100.0,293455.9,4,2,Rural,2022,Kia
59800.0,204271.6,5,2,Highway,2018,Kia
12200.0,24174.4,2,0,City,2014,Kia
61400.0,7849.0,2,2,Rural,2021,Kia
3700.0,171857.1,2,2,Highway,2020,Kia
69400.0,348264.2,4,0,City,2021,Kia
42000.0,394852.2,4,3,Coastal,2004,Kia
70500.0,317781.5,4,1,City,2011,Kia
1500.0,229445.5,5,2,City,2009,Kia
27600.0,127658.5,3,0,Suburb,2012,Kia
23800.0,67553.6,2,1,City,2007,Kia
51300.0,40020.8,3,3,Suburb,2003,Kia
18900.0,326872.8,5,2,Highway,2024,Kia
39900.0,84501.3,3,3,City,2017,Kia
80000.0,158233.4,3,4,Downtown,2021,Kia
16500.0,296367.0,5,2,Coastal,2018,Kia
71600.0,33539.4,4,0,City,2001,Kia
51400.0,179345.6,2,4,City,2000,Kia
27700.0,59885.7,4,4,City,2010,Kia
70500.0,107954.4,5,1,Downtown,2012,Kia
72300.0,153966.7,2,4,Highway,2011,Kia
16300.0,273796.9,4,4,Downtown,2007,Kia
63500.0,13164.0,5,2,City,2016,Kia
47600.0,171476.0,3,1,Suburb,2005,Kia
6300.0,20795.6,3,1,Downtown,2001,Kia
36300.0,128367.9,5,0,Suburb,2020,Volkswagen
36800.0,87578.0,5,2,Suburb,2015,Volkswagen
59100.0,308400.3,5,3,City,1995,Volkswagen
46800.0,364009.1,2,3,Suburb,2022,Volkswagen
39200.0,94118.2,4,0,Coastal,1997,Volkswagen
17100.0,259250.0,5,0,Coastal,2020,Volkswagen
21500.0,126345.6,4,2,Coastal,2000,Volkswagen
18400.0,352552.2,3,4,Downtown,2015,Volkswagen
14100.0,240450.6,5,4,Highway,1995,Volkswagen
20800.0,227974.4,3,0,City,2011,Volkswagen
20600.0,332227.7,2,4,Coastal,2000,Volkswagen
20900.0,72392.4,2,4,Highway,2006,Volkswagen
54600.0,286441.1,4,3,City,2017,Volkswagen
56600.0,325474.8,4,3,City,1998,Volkswagen
20300.0,355159.6,4,1,City,2020,Volkswagen
60200.0,75223.9,2,3,Suburb,2009,Volkswagen
21600.0,240878.8,3,0,City,2022,Volkswagen
66000.0,242340.6,2,2,Coastal,2010,Volkswagen
49400.0,317689.6,4,3,Rural,2005,Volkswagen
17000.0,227638.4,4,3,City,1998,Volkswagen
62200.0,49372.1,3,2,Downtown,2013,Volkswagen
13900.0,178216.7,3,0,Highway,2010,Volkswagen
77100.0,41662.5,5,0,Rural,2017,Volkswagen
19400.0,252124.4,2,1,Rural,2020,Volkswagen
17700.0,6111.0,5,1,Suburb,2024,Volkswagen
68000.0,46189.7,5,1,Suburb,2022,Chevrolet
48600.0,364089.4,5,4,Suburb,1998,Chevrolet
79400.0,292632.9,2,0,Highway,2002,Chevrolet
55600.0,215888.3,2,3,Suburb,2021,Chevrolet
31800.0,328962.6,4,0,Rural,2001,Chevrolet
30000.0,62954.3,4,0,Coastal,2010,Chevrolet
7100.0,114912.3,3,1,Suburb,2006,Chevrolet
73300.0,353836.0,4,3,City,2002,Chevrolet
50500.0,366585.2,4,2,City,2006,Chevrolet
66600.0,125889.2,4,0,Suburb,2024,Chevrolet
32100.0,324825.6,2,4,Downtown,2021,Chevrolet
22600.0,281611.5,2,1,Downtown,2009,Chevrolet
1500.0,242245.8,2,4,Coastal,1998,Chevrolet
71100.0,207285.2,5,4,Rural,2014,Chevrolet
16200.0,16727.6,5,0,Coastal,2016,Chevrolet
52500.0,31783.4,3,4,Suburb,2000,Chevrolet
17300.0,392976.1,3,4,Coastal,2005,Chevrolet
41600.0,33177.6,5,2,Highway,2012,Chevrolet
54700.0,58734.1,2,4,Suburb,1999,Chevrolet
53000.0,379801.6,3,3,Downtown,2016,Chevrolet
68600.0,105339.6,4,0,Rural,2014,Chevrolet
18800.0,248594.5,2,2,Rural,2006,Chevrolet
36800.0,318197.4,3,2,City,1998,Chevrolet
36700.0,283652.6,5,2,Downtown,2013,Chevrolet
18200.0,92940.8,3,0,Downtown,2007,Chevrolet
55300.0,340189.2,3,3,Highway,2017,Jeep
36000.0,183685.3,5,4,Coastal,2017,Jeep
11100.0,192106.3,4,0,Suburb,2017,Jeep
35200.0,213321.4,4,2,Suburb,2007,Jeep
42300.0,231295.8,2,2,City,1998,Jeep
69000.0,399306.2,2,4,Highway,2001,Jeep
4100.0,167834.8,5,3,City,2019,Jeep
45900.0,375484.3,5,3,Coastal,2009,Jeep
63200.0,94148.1,4,0,Downtown,2007,Jeep
30100.0,282674.2,4,2,Highway,2010,Jeep
74600.0,335703.0,4,1,Suburb,2009,Jeep
73600.0,236714.8,5,2,Downtown,2017,Jeep
1400.0,101264.8,5,2,Highway,2020,Jeep
41500.0,365577.5,3,3,Highway,2005,Jeep
51800.0,284579.2,5,2,Downtown,2001,Jeep
65300.0,354929.9,5,1,Suburb,2009,Jeep
3700.0,84632.1,4,4,Suburb,1999,Jeep
9500.0,179479.7,4,3,Suburb,2001,Jeep
26200.0,70436.8,2,3,Rural,2004,Jeep
19200.0,214117.2,3,0,Downtown,1997,Jeep
36900.0,343105.2,3,4,Coastal,2010,Jeep
56700.0,41568.3,2,3,City,2016,Jeep
68700.0,331280.2,3,2,City,2011,Jeep
54400.0,83531.1,3,1,City,2013,Jeep
1800.0,292775.5,5,3,Downtown,2007,Jeep
21500.0,282548.6,4,4,City,2004,Audi
45600.0,31276.5,4,1,Highway,1995,Audi
22400.0,58152.9,3,2,Rural,2019,Audi
24700.0,350949.0,5,1,Rural,2009,Audi
22100.0,307300.3,5,2,Suburb,2017,Audi
42100.0,353600.7,2,0,Rural,2020,Audi
47900.0,379704.5,4,3,Rural,1998,Audi
13400.0,13730.6,5,3,City,2020,Audi
38000.0,361092.1,5,3,Rural,2006,Audi
9500.0,199021.8,3,4,City,2020,Audi
28400.0,167853.7,5,4,Highway,2000,Audi
31000.0,129323.8,4,0,Suburb,2002,Audi
54000.0,192010.8,4,1,City,2022,Audi
58600.0,157358.0,3,4,Rural,2024,Audi
50800.0,175352.1,3,3,Downtown,2011,Audi
61400.0,272436.2,4,3,City,1999,Audi
33000.0,162555.8,3,4,Coastal,2004,Audi
38800.0,133655.8,2,0,City,1996,Audi
42600.0,135347.9,2,4,Downtown,2000,Audi
26200.0,161973.3,2,4,Coastal,2019,Audi
76300.0,306258.1,4,1,Rural,2007,Audi
68600.0,305614.7,4,3,Suburb,2001,Audi
29100.0,393336.5,4,3,Coastal,2001,Audi
15000.0,263000.1,5,4,City,2023,Audi
33700.0,65944.5,4,1,Downtown,2019,Audi
6000.0,239126.2,3,3,Highway,2022,Lexus
54500.0,277714.3,5,4,Coastal,2017,Lexus
35600.0,182887.7,5,1,Rural,2012,Lexus
76300.0,286846.6,4,0,Downtown,2002,Lexus
52500.0,43689.7,5,4,Rural,2010,Lexus
60600.0,51183.0,4,1,Rural,2018,Lexus
16200.0,142334.2,5,4,Coastal,2017,Lexus
14200.0,384686.8,5,4,City,2021,Lexus
33100.0,106217.9,4,2,Rural,2010,Lexus
14200.0,187388.4,4,4,Rural,2007,Lexus
9800.0,127080.2,5,0,Coastal,2022,Lexus
59100.0,161366.3,2,2,City,2020,Lexus
1500.0,11157.4,2,2,City,1996,Lexus
4600.0,220335.6,4,1,City,1999,Lexus
74700.0,382426.4,4,3,Coastal,2010,Lexus
25400.0,28839.8,3,2,Highway,2008,Lexus
39900.0,226580.0,5,3,Highway,2019,Lexus
25500.0,300942.5,4,4,Highway,2006,Lexus
59800.0,224954.6,3,3,Suburb,2015,Lexus
33200.0,199161.8,4,3,Downtown,2024,Lexus
26200.0,252358.5,3,0,Suburb,2015,Lexus
32100.0,313174.3,4,4,Downtown,2005,Lexus
78700.0,371628.2,5,0,City,2019,Lexus
44700.0,294978.3,3,2,City,2008,Lexus
46000.0,181694.5,3,2,Rural,2008,Lexus
27200.0,72874.2,3,1,Coastal,2006,Mazda
55000.0,305525.6,3,4,Coastal,1998,Mazda
22700.0,201134.6,5,1,Suburb,2015,Mazda
42700.0,69414.8,4,4,Downtown,2008,Mazda
68500.0,230410.9,5,1,City,2012,Mazda
4600.0,330016.9,5,0,Suburb,1995,Mazda
67100.0,160848.8,4,0,Highway,2019,Mazda
50400.0,260335.8,4,3,Suburb,2023,Mazda
61400.0,225549.7,3,3,Highway,2002,Mazda
64600.0,294436.4,2,1,City,2003,Mazda
10400.0,254369.9,4,0,City,2003,Mazda
52800.0,71719.0,3,3,Rural,2013,Mazda
26300.0,346443.1,2,2,Highway,2015,Mazda
68700.0,109233.0,2,3,Rural,2010,Mazda
70600.0,230624.3,5,2,Coastal,2020,Mazda
74300.0,187950.4,4,3,Rural,2019,Mazda
14400.0,296638.9,4,4,Rural,2023,Mazda
65500.0,54645.0,3,4,Coastal,2004,Mazda
59300.0,328869.1,4,1,Rural,2011,Mazda
33700.0,392733.2,2,4,Rural,2010,Mazda
3200.0,191254.6,5,4,City,1996,Mazda
57100.0,381232.4,2,3,City,2005,Mazda
52300.0,288683.6,3,2,Highway,1997,Mazda
57200.0,112994.1,5,2,Coastal,2015,Mazda
70700.0,255189.3,4,1,Coastal,2020,Mazda
1300.0,211033.2,4,1,Coastal,2024,Subaru
12000.0,311583.5,2,2,Suburb,2000,Subaru
7800.0,35728.5,5,1,Rural,1997,Subaru
6700.0,84466.5,2,1,Rural,2015,Subaru
25200.0,271081.0,5,0,Highway,1999,Subaru
25500.0,37169.0,3,0,Highway,2013,Subaru
18800.0,56892.1,4,0,Rural,2021,Subaru
50100.0,92523.8,5,4,Coastal,1998,Subaru
7300.0,280692.2,2,1,Rural,2011,Subaru
12600.0,172206.1,4,4,Suburb,2008,Subaru
57100.0,353239.1,4,3,Downtown,2021,Subaru
21400.0,106411.1,5,4,Coastal,2012,Subaru
70900.0,156952.5,3,4,Downtown,1997,Subaru
74000.0,254235.4,4,0,Highway,1997,Subaru
52600.0,302884.6,3,2,Coastal,2012,Subaru
49600.0,237887.8,3,2,City,2011,Subaru
64700.0,296616.4,4,1,Suburb,2016,Subaru
46000.0,193525.7,3,2,Coastal,1997,Subaru
31700.0,46899.2,5,2,Rural,2012,Subaru
44500.0,209018.1,2,3,Suburb,2007,Subaru
78800.0,76470.1,3,3,Highway,1997,Subaru
33400.0,381828.2,4,1,Rural,2018,Subaru
26500.0,122681.1,2,1,City,2008,Subaru
35200.0,344846.8,3,2,Downtown,2004,Subaru
59700.0,356039.0,4,3,Highway,2006,Subaru
67000.0,181692.2,5,0,City,1997,Dodge
10600.0,100767.9,2,0,Rural,1996,Dodge
37100.0,30051.3,2,0,Downtown,2016,Dodge
75600.0,24707.3,4,4,Coastal,2018,Dodge
47500.0,397888.1,3,0,Downtown,2009,Dodge
71200.0,293605.9,3,0,City,2005,Dodge
55700.0,267440.6,2,0,City,2005,Dodge
34900.0,245698.6,4,3,Highway,2021,Dodge
50600.0,238910.6,5,1,Rural,2022,Dodge
10800.0,399737.5,5,1,Suburb,2022,Dodge
10600.0,80256.7,5,4,Highway,1995,Dodge
67300.0,92692.3,4,3,Suburb,2019,Dodge
32000.0,274707.5,4,3,Rural,2020,Dodge
64100.0,381529.5,3,1,Suburb,2004,Dodge
22000.0,35095.5,5,3,City,2006,Dodge
28900.0,55805.5,3,0,Coastal,2010,Dodge
6300.0,383890.1,4,0,Suburb,2009,Dodge
77900.0,199233.5,2,0,Suburb,2015,Dodge
61700.0,113934.9,4,3,Coastal,2024,Dodge
60300.0,131609.3,4,1,City,1996,Dodge
55700.0,272595.1,2,2,Suburb,2014,Dodge
64900.0,370314.3,5,3,Suburb,1995,Dodge
71800.0,351585.6,3,4,City,2008,Dodge
46800.0,360504.8,3,2,Rural,2015,Dodge
17200.0,25830.9,3,3,Suburb,2008,Dodge
36200.0,262590.7,2,1,Coastal,2005,Renault
33200.0,32212.1,3,1,Suburb,1995,Renault
38800.0,270091.5,3,0,Suburb,2013,Renault
1300.0,127017.0,3,1,Highway,2000,Renault
14400.0,156168.3,4,3,Rural,1997,Renault
73400.0,357398.8,4,4,Highway,2010,Renault
65700.0,128683.2,4,2,Downtown,2017,Renault
77300.0,396381.4,4,0,Highway,2015,Renault
38200.0,88673.6,4,0,Rural,2004,Renault
33900.0,339137.5,4,1,City,2009,Renault
69700.0,352072.6,4,4,Coastal,2013,Renault
73800.0,165790.5,3,3,Coastal,2005,Renault
23200.0,324986.9,3,1,Highway,2017,Renault
46200.0,363927.8,4,0,City,1998,Renault
2400.0,297670.0,3,4,Rural,2011,Renault
41200.0,126679.2,5,3,Coastal,2005,Renault
46300.0,377939.2,4,0,City,2005,Renault
75300.0,48043.5,2,4,Rural,1998,Renault
50800.0,114773.4,4,4,Downtown,2006,Renault
65500.0,240864.4,4,0,City,2007,Renault
16500.0,220738.9,4,4,Rural,2011,Renault
6400.0,15420.7,3,2,Suburb,1996,Renault
15100.0,124038.1,2,0,Highway,2023,Renault
64400.0,109948.2,5,4,City,2022,Renault
50100.0,67719.4,5,4,Downtown,2013,Renault
25900.0,82135.0,3,3,City,2017,Peugeot
72200.0,250055.6,4,3,Suburb,2013,Peugeot
25200.0,143435.9,3,1,Downtown,2023,Peugeot
52200.0,246085.3,5,0,Coastal,2024,Peugeot
76500.0,50370.8,3,3,Suburb,2020,Peugeot
38000.0,333636.9,2,3,Coastal,2008,Peugeot
58000.0,149277.6,3,3,Suburb,2003,Peugeot
33400.0,255943.4,4,0,Downtown,2005,Peugeot
1600.0,103985.2,3,1,City,2011,Peugeot
15500.0,215313.2,3,3,Suburb,2018,Peugeot
21000.0,24037.1,4,0,Coastal,2019,Peugeot
32100.0,175497.7,2,2,Rural,2017,Peugeot
58700.0,334937.6,3,0,Downtown,2012,Peugeot
19300.0,211665.5,4,3,City,1996,Peugeot
66500.0,29250.7,3,2,City,2014,Peugeot
23200.0,194173.6,2,3,Downtown,2010,Peugeot
35600.0,103183.7,3,1,Suburb,2003,Peugeot
9000.0,177653.1,4,0,Suburb,2013,Peugeot
12800.0,193212.1,2,2,Coastal,1997,Peugeot
28300.0,113673.9,4,1,Highway,2013,Peugeot
21100.0,166125.0,5,2,Highway,2023,Peugeot
41500.0,265260.3,5,4,Downtown,2013,Peugeot
75500.0,264997.1,2,3,City,2015,Peugeot
30500.0,343724.5,5,4,Downtown,2014,Peugeot
69200.0,20562.6,4,0,City,2011,Peugeot
1000.0,264678.9,2,3,Coastal,2015,Fiat
3600.0,131286.0,2,3,City,2004,Fiat
55100.0,38702.3,3,2,Downtown,2009,Fiat
20600.0,397384.8,5,4,Downtown,1999,Fiat
62300.0,25361.8,5,4,City,2010,Fiat
61400.0,108152.3,4,2,Rural,2019,Fiat
43800.0,140708.5,2,1,Rural,2022,Fiat
39300.0,52800.7,3,0,Coastal,2002,Fiat
78500.0,303794.0,3,1,Suburb,2003,Fiat
29200.0,77505.2,2,4,Downtown,2020,Fiat
75000.0,179929.1,5,4,City,1995,Fiat
22100.0,203986.1,3,0,City,2001,Fiat
47600.0,337749.8,4,1,City,2023,Fiat
71800.0,261321.0,5,1,Downtown,2000,Fiat
23400.0,310226.6,4,0,Coastal,2011,Fiat
79300.0,156211.6,2,3,Rural,2023,Fiat
35800.0,46671.4,5,2,Downtown,2011,Fiat
43400.0,41402.6,2,2,Coastal,2010,Fiat
45600.0,237939.0,2,2,Downtown,1999,Fiat
15900.0,271068.7,3,2,Rural,2000,Fiat
60800.0,56453.6,5,2,Downtown,2018,Fiat
63400.0,357952.4,4,2,Highway,2002,Fiat
69600.0,186450.4,3,3,Suburb,2017,Fiat
13200.0,325739.7,3,2,Suburb,2024,Fiat
63100.0,226706.7,3,4,Highway,2024,Fiat
49900.0,392119.8,5,0,Suburb,2020,Opel
11800.0,291135.8,5,0,Highway,2015,Opel
23900.0,193588.7,4,1,Highway,2006,Opel
57600.0,162030.6,4,3,Highway,2005,Opel
61000.0,289775.3,4,0,Downtown,2009,Opel
2700.0,113261.4,4,3,Rural,2010,Opel
4400.0,163704.7,5,0,Coastal,2022,Opel
40600.0,362842.0,3,1,Downtown,2019,Opel
42600.0,81122.1,4,0,Highway,2018,Opel
11900.0,310591.7,3,1,Downtown,1999,Opel
2900.0,319634.7,3,4,Downtown,2009,Opel
32700.0,7352.9,4,0,Downtown,2024,Opel
8300.0,116082.6,3,1,Highway,2009,Opel
31200.0,360982.6,4,2,Coastal,2017,Opel
71100.0,268613.7,2,4,Highway,2001,Opel
5600.0,82793.6,4,0,City,2002,Opel
53000.0,205153.5,2,1,Downtown,1998,Opel
13200.0,123237.6,2,3,Downtown,2015,Opel
38800.0,78977.1,4,4,Highway,2023,Opel
73100.0,251736.4,3,2,City,2017,Opel
20700.0,330260.6,2,4,Highway,2009,Opel
40700.0,239521.3,3,4,City,2020,Opel
60000.0,307049.2,4,4,Suburb,1996,Opel
20300.0,108725.3,4,1,Suburb,2024,Opel
48400.0,348063.6,4,4,Rural,2009,Opel
21900.0,55080.7,2,0,Rural,2002,Tesla
60800.0,91807.1,5,4,Coastal,2013,Tesla
51900.0,209909.1,5,3,Rural,2000,Tesla
59000.0,222362.0,3,3,Rural,2004,Tesla
60400.0,240134.6,3,3,Downtown,2004,Tesla
68200.0,87704.4,5,0,Suburb,2020,Tesla
5500.0,349024.3,5,0,Downtown,2016,Tesla
46900.0,109878.8,4,1,Rural,2018,Tesla
47200.0,240451.7,4,0,Highway,1997,Tesla
71800.0,255498.4,2,4,Coastal,2023,Tesla
61600.0,32099.7,4,2,Rural,2009,Tesla
45100.0,345463.2,2,2,Highway,2007,Tesla
46700.0,240617.7,4,1,Suburb,2004,Tesla
43500.0,169906.3,2,3,City,2017,Tesla
4300.0,242438.3,3,1,Rural,2023,Tesla
11000.0,224365.5,3,2,Rural,2005,Tesla
54300.0,93491.5,4,0,Highway,1996,Tesla
35000.0,303756.7,4,3,Rural,2004,Tesla
69200.0,323465.8,3,3,Highway,2015,Tesla
45100.0,190126.7,4,1,City,2006,Tesla
8700.0,25317.7,3,1,Coastal,2005,Tesla
48000.0,207549.3,3,3,Downtown,2021,Tesla
73300.0,209573.5,4,2,City,2012,Tesla
39300.0,180630.8,4,1,Coastal,2019,Tesla
1900.0,302117.8,5,0,Highway,1999,Tesla
73500.0,211490.3,4,4,Highway,2004,Land Rover
4400.0,350413.0,2,4,Suburb,1999,Land Rover
48700.0,95601.1,3,0,Highway,2019,Land Rover
14100.0,106803.1,2,2,Rural,2000,Land Rover
51200.0,283071.4,4,1,Highway,1998,Land Rover
55300.0,257688.0,3,2,Highway,2011,Land Rover
33200.0,285261.0,5,3,Suburb,2019,Land Rover
15800.0,331913.1,4,3,Rural,2006,Land Rover
20100.0,214150.7,5,0,Rural,2009,Land Rover
57300.0,26657.4,3,0,Downtown,1995,Land Rover
21700.0,131634.1,2,0,Rural,2019,Land Rover
32500.0,376296.4,5,0,Rural,2011,Land Rover
64700.0,130312.2,3,1,Coastal,1998,Land Rover
78900.0,341626.4,3,3,Highway,2023,Land Rover
8900.0,341678.1,2,1,Rural,2001,Land Rover
78000.0,374796.2,4,4,Coastal,2021,Land Rover
23900.0,183071.5,4,3,City,2018,Land Rover
5700.0,40055.4,4,3,Rural,1999,Land Rover
55400.0,94471.4,2,3,Rural,2014,Land Rover
63600.0,377797.3,5,0,Highway,2003,Land Rover
50600.0,321724.7,2,0,Downtown,2008,Land Rover
69300.0,90349.5,5,3,Rural,2003,Land Rover
77900.0,78820.7,2,1,Highway,2003,Land Rover
18700.0,250051.2,5,2,Rural,2013,Land Rover
54500.0,48180.1,2,4,Rural,2021,Land Rover
42600.0,60340.1,2,3,Coastal,2016,Porsche
38900.0,270168.7,4,4,Downtown,2002,Porsche
72000.0,281139.3,3,3,Downtown,2006,Porsche
29800.0,295311.1,2,4,Downtown,2015,Porsche
35700.0,110648.4,4,4,Suburb,2016,Porsche
21600.0,19955.8,5,0,City,2000,Porsche
52200.0,310988.3,2,3,Rural,2013,Porsche
42600.0,370306.3,3,3,Rural,2004,Porsche
64800.0,130688.3,3,1,City,2004,Porsche
32000.0,140078.2,2,1,City,1995,Porsche
18900.0,306651.1,4,3,Coastal,2017,Porsche
77600.0,102948.6,3,3,City,2009,Porsche
1000.0,148118.2,4,0,Rural,2021,Porsche
53400.0,235638.6,2,0,City,2006,Porsche
67400.0,189213.3,4,4,Suburb,2022,Porsche
9000.0,5532.7,2,4,Highway,1996,Porsche
64000.0,153845.6,4,2,Rural,2021,Porsche
31900.0,193850.0,3,1,City,2000,Porsche
27300.0,340885.9,2,4,Highway,1996,Porsche
77200.0,34236.1,2,3,Rural,2014,Porsche
64000.0,229506.5,4,2,Rural,2000,Porsche
76000.0,67867.0,3,4,City,2010,Porsche
28300.0,172302.8,4,1,City,2000,Porsche
3000.0,345923.1,5,2,Highway,2017,Porsche
15000.0,203376.3,4,0,Coastal,2008,Porsche
43400.0,296797.2,5,4,City,2011,Jaguar
65600.0,225164.2,5,1,Coastal,2009,Jaguar
23000.0,182023.7,5,1,Suburb,2007,Jaguar
63600.0,68200.6,5,2,Rural,2024,Jaguar
32500.0,393767.0,3,3,Suburb,2007,Jaguar
50000.0,169453.7,3,4,Highway,1996,Jaguar
30000.0,391792.2,3,4,Highway,2012,Jaguar
52400.0,237563.7,2,1,Highway,2003,Jaguar
63200.0,144869.1,5,1,Highway,2022,Jaguar
58500.0,306463.0,2,1,Suburb,2014,Jaguar
45600.0,52842.0,2,1,Suburb,2023,Jaguar
55700.0,346619.1,2,1,Highway,2006,Jaguar
11500.0,322484.7,3,1,Coastal,2011,Jaguar
6400.0,268310.9,5,2,City,2018,Jaguar
56400.0,143561.8,2,4,Suburb,2016,Jaguar
52300.0,214209.0,2,2,Downtown,2003,Jaguar
53700.0,340657.9,2,0,Coastal,2023,Jaguar
52600.0,57582.0,4,0,Downtown,2004,Jaguar
43500.0,171656.6,5,1,Rural,1995,Jaguar
13000.0,166300.2,3,2,Coastal,2010,Jaguar
18700.0,25005.8,3,2,Coastal,2012,Jaguar
14100.0,349801.0,2,0,Rural,2005,Jaguar
64700.0,377313.7,4,2,Coastal,2013,Jaguar
45900.0,258017.0,3,1,Coastal,2007,Jaguar
67700.0,8417.4,5,0,Suburb,1995,Jaguar
64000.0,309487.4,4,4,Downtown,1999,Ferrari
22700.0,311139.9,4,4,Suburb,2021,Ferrari
31400.0,46545.9,2,3,Suburb,2023,Ferrari
76200.0,169183.4,5,4,Downtown,2014,Ferrari
5400.0,114960.2,5,2,Highway,2013,Ferrari
57600.0,116172.9,3,2,Downtown,2024,Ferrari
4500.0,103600.4,2,3,Downtown,2017,Ferrari
48600.0,49258.6,2,3,Rural,1995,Ferrari
57700.0,355690.0,3,4,Coastal,2012,Ferrari
40700.0,19306.8,5,3,Coastal,2019,Ferrari
7600.0,390799.3,4,4,Coastal,2004,Ferrari
40800.0,315851.6,5,0,Coastal,2002,Ferrari
21400.0,243826.4,4,3,City,2000,Ferrari
17900.0,395168.0,2,4,Rural,2016,Ferrari
47800.0,140572.5,2,2,Rural,2007,Ferrari
4100.0,232800.3,5,1,Rural,2004,Ferrari
28800.0,40911.9,2,1,Suburb,2013,Ferrari
44500.0,289077.9,2,3,Coastal,2009,Ferrari
50300.0,50082.7,4,4,Coastal,1997,Ferrari
67700.0,11772.7,4,2,Rural,2001,Ferrari
78200.0,364551.9,3,1,Coastal,2016,Ferrari
43100.0,190388.5,5,0,Rural,2015,Ferrari
58700.0,57303.9,3,0,City,2022,Ferrari
8800.0,202218.3,5,4,Coastal,2023,Ferrari
19500.0,72981.8,4,4,Rural,1997,Ferrari
75900.0,374425.7,4,3,Rural,2009,Lamborghini
14300.0,139463.8,2,1,City,2001,Lamborghini
27300.0,19424.3,2,0,Rural,2023,Lamborghini
45600.0,375650.1,4,0,City,2021,Lamborghini
9400.0,98941.9,5,2,Highway,1996,Lamborghini
10700.0,238199.1,5,4,City,2019,Lamborghini
72200.0,150495.0,5,1,Coastal,2002,Lamborghini
24600.0,307898.4,3,3,City,2002,Lamborghini
46200.0,312932.5,3,2,City,1997,Lamborghini
19300.0,236631.9,4,0,Rural,1998,Lamborghini
33300.0,276429.1,2,3,Rural,2021,Lamborghini
39500.0,170072.9,5,0,Downtown,2019,Lamborghini
66500.0,47093.3,4,0,City,2013,Lamborghini
25700.0,317949.5,2,1,Downtown,2014,Lamborghini
52100.0,335257.9,4,0,City,2009,Lamborghini
13900.0,149885.8,5,1,Coastal,1995,Lamborghini
34700.0,96487.1,2,4,City,2002,Lamborghini
74000.0,6166.8,2,3,City,2011,Lamborghini
19200.0,31115.9,3,3,City,2011,Lamborghini
6700.0,322711.3,3,4,Highway,2021,Lamborghini
3300.0,130981.0,5,3,Suburb,2001,Lamborghini
53300.0,266625.2,3,0,City,2003,Lamborghini
54400.0,372431.7,4,1,City,2007,Lamborghini
30500.0,68695.3,2,4,City,2020,Lamborghini
62300.0,92023.4,2,2,Suburb,2009,Lamborghini
47800.0,287352.1,4,2,Rural,2004,Bentley
44800.0,10950.7,2,3,Downtown,2017,Bentley
66400.0,281516.3,4,4,Coastal,2011,Bentley
12400.0,224423.3,5,1,Rural,2010,Bentley
68700.0,270479.0,2,0,Suburb,2021,Bentley
14700.0,320445.2,3,3,Highway,2011,Bentley
40500.0,172275.6,4,3,Suburb,2004,Bentley
20200.0,289532.5,2,4,Highway,2000,Bentley
14600.0,229493.5,5,0,Highway,2016,Bentley
61200.0,141203.8,4,0,Highway,1996,Bentley
53500.0,250583.7,3,2,Coastal,2003,Bentley
31700.0,266139.9,2,2,Rural,2001,Bentley
49000.0,203243.9,2,0,Highway,2022,Bentley
46800.0,100041.8,3,0,Suburb,2006,Bentley
40300.0,319257.1,5,2,Suburb,2022,Bentley
21700.0,30443.3,3,2,Coastal,2016,Bentley
73200.0,176152.4,3,2,Downtown,2005,Bentley
58600.0,5737.8,3,3,Downtown,2002,Bentley
61500.0,93861.5,5,4,Suburb,2005,Bentley
21800.0,310003.8,2,3,Downtown,2021,Bentley
50800.0,150073.0,4,2,Coastal,2014,Bentley
79200.0,102281.8,2,1,Suburb,2005,Bentley
36300.0,236045.8,2,0,Rural,2002,Bentley
45300.0,203375.3,5,1,Coastal,2020,Bentley
18200.0,366115.0,4,1,Highway,2009,Bentley
27400.0,96791.6,3,3,Suburb,2011,Rolls-Royce
69600.0,55895.7,2,1,Coastal,2014,Rolls-Royce
28700.0,368697.5,4,0,Highway,2010,Rolls-Royce
54200.0,131295.1,4,4,City,2011,Rolls-Royce
41400.0,193202.8,4,4,Rural,2024,Rolls-Royce
15100.0,392427.8,4,2,Coastal,1999,Rolls-Royce
60000.0,388534.3,5,0,Highway,1997,Rolls-Royce
5300.0,309076.7,3,2,City,2021,Rolls-Royce
58700.0,379003.5,4,0,Downtown,2003,Rolls-Royce
14600.0,149187.6,5,2,City,2003,Rolls-Royce
46100.0,391185.9,4,2,Coastal,2013,Rolls-Royce
22700.0,241773.1,5,1,Rural,1995,Rolls-Royce
42100.0,346887.3,4,3,Rural,2022,Rolls-Royce
3400.0,90935.1,5,3,Suburb,2022,Rolls-Royce
74500.0,235741.4,2,1,Coastal,2005,Rolls-Royce
44700.0,216342.9,2,1,Highway,2007,Rolls-Royce
70400.0,162952.7,5,0,Highway,2007,Rolls-Royce
7200.0,316022.0,4,3,Downtown,2009,Rolls-Royce
7000.0,300501.2,4,0,Highway,2009,Rolls-Royce
18500.0,399535.9,4,4,Suburb,2019,Rolls-Royce
9100.0,228832.3,2,1,City,2019,Rolls-Royce
38200.0,95256.5,3,0,Suburb,2002,Rolls-Royce
63400.0,168982.6,5,4,Coastal,2023,Rolls-Royce
47600.0,236235.6,2,2,Coastal,2002,Rolls-Royce
78300.0,200099.0,2,1,Coastal,1999,Rolls-Royce
13800.0,164429.5,4,1,Coastal,2008,Maserati
62800.0,23423.6,2,3,Highway,2000,Maserati
20700.0,384787.1,4,0,Rural,2001,Maserati
11500.0,384042.4,4,4,Rural,2010,Maserati
39400.0,53008.3,3,4,Highway,1995,Maserati
60600.0,272186.6,4,1,Highway,2000,Maserati
62600.0,149764.8,3,4,City,2016,Maserati
49800.0,175616.0,4,1,Downtown,2011,Maserati
46700.0,374830.3,5,3,Coastal,1996,Maserati
4600.0,210571.9,3,3,Downtown,1998,Maserati
12800.0,84991.5,4,2,Downtown,2011,Maserati
21000.0,88465.9,2,0,Highway,1997,Maserati
70500.0,180632.7,2,2,Suburb,2021,Maserati
42800.0,170388.0,3,3,Downtown,1997,Maserati
39500.0,244479.4,2,2,Suburb,1996,Maserati
65400.0,268746.3,3,0,Suburb,2003,Maserati
29800.0,22736.3,2,1,City,2001,Maserati
32300.0,289033.1,2,2,Highway,2015,Maserati
61500.0,355150.8,4,2,City,2001,Maserati
6000.0,159815.9,4,0,Downtown,2014,Maserati
70500.0,176498.2,5,2,City,2008,Maserati
19700.0,152781.7,3,3,City,2011,Maserati
27600.0,357838.8,2,4,Highway,2010,Maserati
75600.0,245834.6,2,2,Highway,2001,Maserati
32300.0,48082.1,2,1,Coastal,2012,Maserati
41300.0,231337.0,3,2,Coastal,2013,Aston Martin
76400.0,244782.8,2,4,City,1995,Aston Martin
41700.0,322642.8,3,0,City,2010,Aston Martin
15100.0,165232.7,2,2,Highway,2015,Aston Martin
9900.0,355041.3,5,1,Coastal,2007,Aston Martin
19100.0,391505.4,4,2,Coastal,2022,Aston Martin
61200.0,107032.7,4,2,Coastal,2008,Aston Martin
25500.0,147281.9,2,4,Rural,1996,Aston Martin
16100.0,210149.4,2,2,Highway,2017,Aston Martin
12900.0,79691.8,2,0,Rural,2020,Aston Martin
3700.0,33566.1,2,1,City,1996,Aston Martin
60600.0,275016.4,3,2,Highway,2023,Aston Martin
35100.0,29606.8,2,0,Coastal,2019,Aston Martin
33200.0,366116.9,5,2,City,2013,Aston Martin
37900.0,203465.9,5,4,City,2021,Aston Martin
49900.0,102555.5,3,2,Rural,2006,Aston Martin
31800.0,200377.4,2,1,Rural,2011,Aston Martin
34700.0,382813.6,2,3,Downtown,2021,Aston Martin
29300.0,80964.6,3,3,City,2003,Aston Martin
27500.0,382454.1,3,4,Rural,2006,Aston Martin
35400.0,132055.0,3,4,Rural,2001,Aston Martin
15400.0,174405.5,2,3,City,2009,Aston Martin
40900.0,192746.3,3,3,Downtown,2001,Aston Martin
44800.0,105757.4,4,2,Downtown,2020,Aston Martin
53000.0,21061.3,2,2,Coastal,2015,Aston Martin
64400.0,114957.9,5,2,City,2002,Alfa Romeo
76300.0,334622.4,4,0,City,2011,Alfa Romeo
72500.0,278832.8,5,4,City,2018,Alfa Romeo
74600.0,131315.2,2,1,Coastal,2017,Alfa Romeo
9800.0,5693.5,2,2,Highway,2020,Alfa Romeo
59700.0,7635.6,2,1,Downtown,2002,Alfa Romeo
63200.0,134068.0,5,1,Downtown,2018,Alfa Romeo
57000.0,236234.2,5,4,Highway,2003,Alfa Romeo
31500.0,356173.3,2,4,Rural,2016,Alfa Romeo
33700.0,368928.4,2,4,Rural,2012,Alfa Romeo
7500.0,182387.3,2,0,Coastal,2011,Alfa Romeo
76600.0,377264.9,5,4,Suburb,2017,Alfa Romeo
26700.0,173086.8,2,1,Suburb,1996,Alfa Romeo
70200.0,11358.0,5,1,City,2000,Alfa Romeo
45300.0,136227.8,3,2,Coastal,2004,Alfa Romeo
19800.0,347510.1,3,0,City,2009,Alfa Romeo
52600.0,136284.6,5,1,Suburb,2012,Alfa Romeo
20100.0,161095.1,3,3,Rural,2011,Alfa Romeo
68900.0,21678.4,4,3,Highway,2008,Alfa Romeo
29900.0,399500.5,3,0,Coastal,2022,Alfa Romeo
35100.0,44421.8,5,2,Highway,2021,Alfa Romeo
67600.0,158433.6,3,2,Downtown,2011,Alfa Romeo
52600.0,153210.6,3,1,City,2004,Alfa Romeo
62400.0,171714.0,3,0,Coastal,1999,Alfa Romeo
44100.0,287973.0,3,2,Suburb,2020,Alfa Romeo
46100.0,102178.4,2,4,Coastal,2022,Bugatti
1300.0,8060.9,5,0,Rural,2003,Bugatti
7400.0,306356.1,4,1,Rural,2023,Bugatti
35800.0,168250.0,5,1,Coastal,2001,Bugatti
2800.0,225944.1,3,0,Rural,2018,Bugatti
38700.0,28068.3,3,1,Coastal,1998,Bugatti
29200.0,75509.8,4,1,City,2011,Bugatti
42400.0,75834.6,4,4,City,2024,Bugatti
72300.0,129172.2,4,4,Coastal,2020,Bugatti
17400.0,193874.2,4,0,Highway,2021,Bugatti
76500.0,306522.6,3,4,Suburb,2006,Bugatti
72700.0,203138.4,4,2,Suburb,2005,Bugatti
53100.0,315059.0,2,0,Coastal,2024,Bugatti
5200.0,103457.4,3,1,Downtown,2007,Bugatti
78200.0,301833.9,4,0,City,1999,Bugatti
76200.0,81128.0,5,3,City,2017,Bugatti
25800.0,184694.1,4,3,Suburb,2014,Bugatti
30500.0,257756.8,4,2,Downtown,2020,Bugatti
26900.0,339119.3,5,0,Suburb,2020,Bugatti
79600.0,249224.6,2,0,City,2014,Bugatti
71300.0,60192.2,2,1,Suburb,1998,Bugatti
25400.0,52561.4,5,2,Downtown,2013,Bugatti
26900.0,386637.8,4,2,Coastal,2006,Bugatti
11000.0,178200.0,2,3,Suburb,2003,Bugatti
16200.0,332405.4,2,1,Downtown,1995,Bugatti
40900.0,90889.2,5,1,Suburb,1995,McLaren
8400.0,206047.8,2,2,Rural,2015,McLaren
52300.0,282866.8,3,2,City,2020,McLaren
72200.0,97028.8,2,0,Suburb,2021,McLaren
65000.0,254362.4,2,4,Coastal,2007,McLaren
50300.0,218420.0,3,3,Rural,2024,McLaren
78100.0,197591.5,4,4,Downtown,2001,McLaren
35900.0,224843.8,5,3,Downtown,2007,McLaren
60600.0,238380.8,3,3,Coastal,2000,McLaren
25600.0,278422.5,5,4,City,2013,McLaren
56000.0,29652.4,2,4,Suburb,2006,McLaren
45500.0,64173.5,3,3,Suburb,2019,McLaren
77700.0,342463.6,2,0,Highway,1996,McLaren
47300.0,119190.4,5,0,Suburb,2024,McLaren
17200.0,206194.0,5,0,Highway,2005,McLaren
11300.0,97163.0,5,3,Highway,1999,McLaren
46200.0,172522.2,3,2,Highway,2014,McLaren
44600.0,77284.4,5,4,Suburb,2007,McLaren
32800.0,108489.6,2,4,City,2003,McLaren
64500.0,76821.7,5,2,Suburb,2002,McLaren
60800.0,282534.9,2,3,City,2004,McLaren
32200.0,108084.6,4,4,City,1997,McLaren
35000.0,399890.6,4,3,Coastal,2003,McLaren
20000.0,229876.4,2,2,Downtown,2015,McLaren
16700.0,219203.1,5,0,Highway,2018,McLaren
30900.0,213358.7,3,2,Highway,2017,Cadillac
4900.0,299252.2,4,4,City,2000,Cadillac
2800.0,398132.2,4,4,Coastal,2009,Cadillac
62200.0,211298.0,5,4,City,2012,Cadillac
1800.0,192184.3,3,0,Downtown,2011,Cadillac
51900.0,46634.0,5,1,Highway,2021,Cadillac
19100.0,32810.1,5,2,Rural,2019,Cadillac
47700.0,391116.0,5,1,Rural,2009,Cadillac
18900.0,58573.8,5,4,City,2010,Cadillac
53300.0,169678.0,3,2,Suburb,2019,Cadillac
47100.0,254155.9,3,1,Suburb,2010,Cadillac
12000.0,16956.5,4,4,Highway,2010,Cadillac
67600.0,362982.0,3,4,Rural,2005,Cadillac
76400.0,277891.0,3,3,Highway,2021,Cadillac
43600.0,396929.8,5,2,Downtown,1996,Cadillac
53900.0,63168.7,3,4,Rural,2011,Cadillac
76900.0,97430.4,3,1,Coastal,2002,Cadillac
53600.0,287724.6,2,0,Downtown,2011,Cadillac
71700.0,71040.8,2,2,Downtown,1995,Cadillac
48300.0,206353.9,5,4,Suburb,2000,Cadillac
34200.0,332442.4,3,1,Coastal,2006,Cadillac
28700.0,182083.7,2,1,Coastal,1995,Cadillac
4900.0,131412.1,3,4,Coastal,2016,Cadillac
71700.0,119806.3,4,1,Coastal,2013,Cadillac
46200.0,118707.5,4,3,City,2018,Cadillac
57100.0,315985.7,4,0,Coastal,2006,Lincoln
23500.0,41842.8,3,0,Highway,2011,Lincoln
58700.0,265256.3,5,1,Downtown,2019,Lincoln
73300.0,44651.4,3,2,Downtown,1997,Lincoln
63700.0,211888.9,3,0,Rural,2017,Lincoln
57900.0,174625.7,5,2,Rural,2000,Lincoln
56000.0,115323.6,2,2,Rural,2007,Lincoln
67100.0,317544.4,2,0,Highway,2018,Lincoln
42000.0,21301.8,4,0,Highway,2000,Lincoln
35400.0,168369.9,2,2,Highway,2000,Lincoln
49700.0,69025.0,4,4,Rural,1997,Lincoln
47300.0,6573.7,5,4,Downtown,2003,Lincoln
24400.0,298671.3,4,2,Coastal,1997,Lincoln
2000.0,141834.2,3,0,City,2010,Lincoln
20100.0,181089.3,3,4,Rural,2003,Lincoln
35600.0,370815.9,2,4,Suburb,2024,Lincoln
74600.0,349934.4,4,3,Suburb,1998,Lincoln
51800.0,116132.2,3,0,Highway,2020,Lincoln
50500.0,308966.8,5,1,Downtown,2006,Lincoln
30200.0,318953.8,3,3,Suburb,2001,Lincoln
74800.0,222520.0,2,2,Highway,1998,Lincoln
79300.0,51734.1,3,4,Suburb,2015,Lincoln
38500.0,78610.0,2,0,Rural,2004,Lincoln
71400.0,14421.6,3,2,Rural,2005,Lincoln
2000.0,158749.1,3,3,Suburb,2000,Lincoln
13300.0,279871.1,4,4,Rural,2011,Chrysler
62100.0,58912.0,2,0,Highway,2013,Chrysler
79400.0,257236.8,2,0,Downtown,2020,Chrysler
29700.0,51543.6,3,3,Suburb,2024,Chrysler
12500.0,14174.9,2,2,Highway,2003,Chrysler
75700.0,65131.0,2,1,Downtown,2001,Chrysler
40700.0,17262.4,4,0,Coastal,2016,Chrysler
21100.0,258619.0,2,4,Coastal,2006,Chrysler
10500.0,137614.3,4,0,Suburb,2001,Chrysler
65300.0,291349.5,4,0,Rural,2010,Chrysler
56500.0,69612.0,2,0,Coastal,1998,Chrysler
18400.0,18125.3,3,3,City,2017,Chrysler
44800.0,226454.5,3,3,Highway,1997,Chrysler
9300.0,299726.8,4,3,Rural,2006,Chrysler
7400.0,369355.7,4,1,Rural,2019,Chrysler
47600.0,22682.7,2,2,Downtown,2001,Chrysler
39000.0,165229.9,2,2,City,2008,Chrysler
66900.0,239322.8,2,3,Downtown,2012,Chrysler
55700.0,151717.3,5,3,Suburb,2020,Chrysler
47100.0,95453.6,3,1,Coastal,2009,Chrysler
19000.0,88130.2,4,3,Coastal,2019,Chrysler
76200.0,55906.0,2,4,Coastal,2009,Chrysler
60800.0,31979.1,2,2,Suburb,2008,Chrysler
3000.0,110546.6,5,3,Rural,1998,Chrysler
38500.0,363022.5,4,1,Rural,2023,Chrysler
40700.0,82340.0,4,2,Rural,2005,Infiniti
43200.0,176488.0,2,4,Coastal,2021,Infiniti
56500.0,241613.2,4,4,Suburb,2019,Infiniti
51700.0,137062.9,2,3,Rural,2006,Infiniti
12000.0,250150.8,2,2,City,1996,Infiniti
37000.0,52045.1,3,1,Suburb,2020,Infiniti
13700.0,192817.5,4,3,Coastal,1995,Infiniti
2400.0,176203.8,4,3,Coastal,2006,Infiniti
46000.0,322924.2,4,0,Highway,2023,Infiniti
37300.0,69100.2,3,2,City,2010,Infiniti
45400.0,355264.8,2,4,Highway,2011,Infiniti
78300.0,265907.8,5,3,City,1998,Infiniti
22400.0,244161.0,4,3,Highway,2006,Infiniti
21700.0,116224.3,2,2,Coastal,2001,Infiniti
42600.0,45875.6,3,0,Coastal,2005,Infiniti
24700.0,348992.5,5,0,Highway,2013,Infiniti
20300.0,125793.7,5,1,Highway,2012,Infiniti
15600.0,29470.8,2,0,Highway,2018,Infiniti
26700.0,135628.4,4,0,Suburb,2009,Infiniti
46100.0,255663.4,5,2,Rural,1998,Infiniti
32600.0,39690.5,3,3,Downtown,1997,Infiniti
78400.0,347455.4,2,1,Rural,2021,Infiniti
4600.0,77977.6,2,1,Rural,1995,Infiniti
52600.0,111505.7,5,1,Highway,2000,Infiniti
66600.0,347088.7,2,3,Highway,1999,Infiniti
63000.0,118121.5,4,2,Rural,2001,Genesis
54100.0,202378.8,2,1,Suburb,2021,Genesis
29000.0,389826.7,2,2,Suburb,2012,Genesis
66200.0,114602.3,5,4,Coastal,2005,Genesis
54100.0,251028.2,5,2,Suburb,2019,Genesis
47500.0,219119.1,2,4,City,1999,Genesis
60600.0,158827.7,4,2,Suburb,2007,Genesis
52100.0,322474.6,2,3,Coastal,1997,Genesis
34700.0,103608.1,2,0,Coastal,2018,Genesis
58700.0,178498.8,4,0,Coastal,2011,Genesis
36500.0,227976.4,4,3,Highway,2015,Genesis
4500.0,132559.6,5,1,Coastal,1996,Genesis
61400.0,251419.1,3,1,City,2013,Genesis
17800.0,282947.0,4,1,Coastal,2006,Genesis
24300.0,227742.6,3,4,Rural,2014,Genesis
1900.0,295561.4,5,2,Downtown,2001,Genesis
23600.0,21607.2,5,0,Highway,2008,Genesis
37600.0,274743.3,4,4,Highway,2004,Genesis
65600.0,363879.2,3,2,Downtown,2012,Genesis
16900.0,100108.5,5,4,Rural,1999,Genesis
11400.0,53478.8,4,1,Coastal,1999,Genesis
44100.0,58493.3,3,2,Coastal,2018,Genesis
53700.0,356278.9,4,2,Downtown,2008,Genesis
60900.0,169043.9,2,3,City,2023,Genesis
45900.0,276106.2,2,4,Downtown,1995,Genesis
20800.0,205577.3,4,2,Highway,2011,Volvo
2800.0,137117.4,3,1,Rural,2000,Volvo
49500.0,47274.9,5,1,Suburb,2017,Volvo
16400.0,195082.5,5,4,City,2019,Volvo
46200.0,212762.7,5,3,Suburb,2020,Volvo
38400.0,206643.3,4,3,Coastal,2015,Volvo
3400.0,32630.9,5,0,Highway,2001,Volvo
16600.0,89026.7,5,4,Highway,2019,Volvo
25100.0,32706.9,5,4,Rural,1997,Volvo
33400.0,22478.5,5,1,Highway,2013,Volvo
37000.0,322466.1,2,0,City,2010,Volvo
27800.0,116132.6,4,3,Coastal,2013,Volvo
15300.0,347448.5,2,4,City,2010,Volvo
57100.0,57919.4,4,3,Highway,2018,Volvo
46300.0,318465.6,3,2,City,2016,Volvo
56800.0,182692.2,5,3,Suburb,2018,Volvo
31100.0,325457.2,2,1,Coastal,2020,Volvo
60000.0,321651.2,4,3,Downtown,2002,Volvo
42100.0,222127.1,2,3,Coastal,2015,Volvo
62300.0,374235.3,4,2,Rural,2009,Volvo
6800.0,345075.8,2,3,City,2022,Volvo
15600.0,388783.9,3,2,Highway,2006,Volvo
68300.0,303750.1,3,4,Downtown,2014,Volvo
1600.0,54878.3,3,0,Downtown,2021,Volvo
22400.0,78869.8,4,1,Highway,2002,Volvo
6800.0,137358.8,3,2,Highway,2007,Mini
24400.0,212216.9,3,3,Suburb,1999,Mini
47200.0,290018.5,2,0,Rural,2011,Mini
54100.0,228228.4,4,1,Highway,2012,Mini
18200.0,153609.0,4,1,Highway,1999,Mini
72000.0,93771.4,3,4,City,2006,Mini
72400.0,352773.0,3,2,Downtown,2021,Mini
1600.0,23780.9,4,0,Highway,2020,Mini
52300.0,378561.8,4,0,Highway,2001,Mini
60800.0,226242.4,5,2,Highway,1997,Mini
17500.0,81580.4,3,1,Rural,2018,Mini
67600.0,22364.9,4,2,Suburb,2023,Mini
36200.0,56999.3,4,2,Rural,2014,Mini
5200.0,219629.2,5,2,Coastal,2010,Mini
72600.0,264676.3,5,3,Coastal,2016,Mini
40800.0,52704.3,3,0,City,2023,Mini
16900.0,334666.8,2,2,Coastal,2004,Mini
13400.0,232056.3,2,3,Downtown,2005,Mini
16200.0,239261.4,5,1,Coastal,2011,Mini
51700.0,344283.5,5,2,City,2013,Mini
28500.0,175052.2,4,4,Rural,1997,Mini
64500.0,128425.2,4,0,Suburb,2022,Mini
31300.0,378046.9,2,4,Coastal,2005,Mini
68000.0,175164.4,4,3,Suburb,2010,Mini
23300.0,173480.3,3,1,City,2017,Mini
